{
  "project_info": {
    "project_number": "822831400248",
    "project_id": "my-project-e14f4",
    "storage_bucket": "my-project-e14f4.appspot.com"
  },
  "client": [
    {
      "client_info": {
        "mobilesdk_app_id": "1:822831400248:android:70354caea17ab9c565adcd",
        "android_client_info": {
          "package_name": "com.example.flutter_application_1"
        }
      },
      "oauth_client": [],
      "api_key": [
        {
          "current_key": "AIzaSyCaua2xTizBIZHOX9L0Gy9l5L87mcAmIAU"
        }
      ],
      "services": {
        "appinvite_service": {
          "other_platform_oauth_client": []
        }
      }
    }
  ],
  "configuration_version": "1"
}
