{
  "project_info": {
    "project_number": "1027149593471",
    "project_id": "sample-crud-3e819",
    "storage_bucket": "sample-crud-3e819.appspot.com"
  },
  "client": [
    {
      "client_info": {
        "mobilesdk_app_id": "1:1027149593471:android:96af620affd050abc7b84a",
        "android_client_info": {
          "package_name": "com.example.flutter_application_1"
        }
      },
      "oauth_client": [],
      "api_key": [
        {
          "current_key": "AIzaSyAbilriSO5hWg5rrl8Eime1ohqk4IT3fiI"
        }
      ],
      "services": {
        "appinvite_service": {
          "other_platform_oauth_client": []
        }
      }
    }
  ],
  "configuration_version": "1"
}